{
    "AGE": {
        "p": [
            0.9836781825333333,
            0.012169915447785845
        ],
        "r": [
            0.9895341941777778,
            0.014128761426595277
        ],
        "f": [
            0.9864741234111111,
            0.007405360171573758
        ]
    },
    "ALLERGIES": {
        "p": [
            0.8768461889777778,
            0.07010409129232084
        ],
        "r": [
            0.9084789229555555,
            0.056342410084598435
        ],
        "f": [
            0.8915309955,
            0.05772593594373601
        ]
    },
    "BIOMARKER": {
        "p": [
            0.9624402250111112,
            0.01318960101259728
        ],
        "r": [
            0.9658951666,
            0.01458336588477159
        ],
        "f": [
            0.9640934330777777,
            0.011153296791747432
        ]
    },
    "CANCER_CONCEPT": {
        "p": [
            0.9193752307888889,
            0.016166008354559537
        ],
        "r": [
            0.9229058524333333,
            0.018158126645927537
        ],
        "f": [
            0.9210926998888889,
            0.015963814134191946
        ]
    },
    "CLINICAL_SERVICE": {
        "p": [
            0.9253040666666666,
            0.054786206617867705
        ],
        "r": [
            0.9162638965555555,
            0.04390194735070827
        ],
        "f": [
            0.9193851329888889,
            0.035085312592586994
        ]
    },
    "COMORBIDITY": {
        "p": [
            0.8939192379666666,
            0.030663544246150334
        ],
        "r": [
            0.8975254466444444,
            0.022074739401679647
        ],
        "f": [
            0.8954542525,
            0.02209889680807655
        ]
    },
    "DATE": {
        "p": [
            0.9823536119,
            0.008370249578171455
        ],
        "r": [
            0.9899667123555556,
            0.00404203010299261
        ],
        "f": [
            0.9861305856333333,
            0.005385450289704361
        ]
    },
    "DOSE": {
        "p": [
            0.9537924226111111,
            0.02117165393018986
        ],
        "r": [
            0.9770770587333333,
            0.019039490740162132
        ],
        "f": [
            0.9651319740111111,
            0.01584806235284357
        ]
    },
    "DRUG": {
        "p": [
            0.9791775686222223,
            0.006095030594391033
        ],
        "r": [
            0.9699711789333333,
            0.012444215341709936
        ],
        "f": [
            0.9745035338666667,
            0.006941291726284875
        ]
    },
    "DURATION": {
        "p": [
            0.9050829194555555,
            0.033360457190000595
        ],
        "r": [
            0.9092089518888888,
            0.06057896071984108
        ],
        "f": [
            0.9055081244888888,
            0.031175579409394482
        ]
    },
    "FAMILY": {
        "p": [
            0.9604891606222222,
            0.03672033641412392
        ],
        "r": [
            0.966805522,
            0.03442079266759841
        ],
        "f": [
            0.9636156372555555,
            0.03531340943238137
        ]
    },
    "FREQ": {
        "p": [
            0.9384098341111111,
            0.038200618856225714
        ],
        "r": [
            0.9212179834666667,
            0.04043292109730503
        ],
        "f": [
            0.9292388180888889,
            0.03375986820204517
        ]
    },
    "GINECOLOGICAL_HISTORY": {
        "p": [
            0.9436775331666667,
            0.018426858390974264
        ],
        "r": [
            0.9348882154444444,
            0.022108572069553033
        ],
        "f": [
            0.9390651265111111,
            0.015094756528608708
        ]
    },
    "GINE_OBSTETRICS": {
        "p": [
            0.9386060871999999,
            0.032182362592090695
        ],
        "r": [
            0.9418040421222222,
            0.02486624572769044
        ],
        "f": [
            0.9398346220555556,
            0.02231565999930517
        ]
    },
    "HABIT-QUANTITY": {
        "p": [
            0.9480119679,
            0.0555088839277448
        ],
        "r": [
            0.9653753653777778,
            0.036227456299114086
        ],
        "f": [
            0.9560324623555555,
            0.04185366009897085
        ]
    },
    "IMPLICIT_DATE": {
        "p": [
            0.9288032877444444,
            0.03890828912057028
        ],
        "r": [
            0.9370638513555556,
            0.019409572325739668
        ],
        "f": [
            0.9323376032333334,
            0.020794873002293084
        ]
    },
    "LINE_CICLE_NUMBER": {
        "p": [
            0.9498387209888889,
            0.025502995527499576
        ],
        "r": [
            0.9514313926333333,
            0.019332510596074277
        ],
        "f": [
            0.9504946065888888,
            0.01947735763455494
        ]
    },
    "OCURRENCE_EVENT": {
        "p": [
            0.9104865483777778,
            0.020623093510461404
        ],
        "r": [
            0.9244780038111111,
            0.01496145492771968
        ],
        "f": [
            0.9172476488555555,
            0.012636828028747785
        ]
    },
    "PROGRESION": {
        "p": [
            0.9208031989555555,
            0.030939370029230237
        ],
        "r": [
            0.9381139959111111,
            0.025960658275741167
        ],
        "f": [
            0.9291705850111112,
            0.025210578358512706
        ]
    },
    "STAGE": {
        "p": [
            0.9230290765888889,
            0.04683570594895704
        ],
        "r": [
            0.9223074412666666,
            0.048258238576727924
        ],
        "f": [
            0.9225583961444445,
            0.04641622447037858
        ]
    },
    "SURGERY": {
        "p": [
            0.9159358398444445,
            0.024231104694980576
        ],
        "r": [
            0.9210645377666666,
            0.02341570293050987
        ],
        "f": [
            0.9183474762333333,
            0.020787173932952832
        ]
    },
    "TNM": {
        "p": [
            0.9573115491777778,
            0.026111170013707892
        ],
        "r": [
            0.9491555675,
            0.03083104670708539
        ],
        "f": [
            0.9531025157111112,
            0.026653733709488914
        ]
    },
    "TOXIC_HABITS": {
        "p": [
            0.9500424977111112,
            0.04089294536952208
        ],
        "r": [
            0.9550894924666666,
            0.03170102074024244
        ],
        "f": [
            0.9522341538111111,
            0.03247673618105566
        ]
    },
    "TREATMENT_NAME": {
        "p": [
            0.9393336199666666,
            0.01662872581896398
        ],
        "r": [
            0.9440394564333333,
            0.01773210058434933
        ],
        "f": [
            0.9415557615444444,
            0.013354781225820412
        ]
    }
}