{
    "AGE": {
        "p": [
            0.9890174659,
            0.006992719085143903
        ],
        "r": [
            0.9816830918888889,
            0.014326758330691173
        ],
        "f": [
            0.9852747242333333,
            0.008202109432418213
        ]
    },
    "ALLERGIES": {
        "p": [
            0.884102217,
            0.08480994724304158
        ],
        "r": [
            0.9013403341222223,
            0.04000725865199193
        ],
        "f": [
            0.8909200789444445,
            0.054408373190146395
        ]
    },
    "BIOMARKER": {
        "p": [
            0.9581996551888888,
            0.011639087612769052
        ],
        "r": [
            0.9506276875444445,
            0.023827818112856308
        ],
        "f": [
            0.9543420118555556,
            0.01735233412444917
        ]
    },
    "CANCER_CONCEPT": {
        "p": [
            0.8944611864,
            0.020351539060524004
        ],
        "r": [
            0.9063715812777777,
            0.016381419574992024
        ],
        "f": [
            0.9003455315222222,
            0.017735048495945687
        ]
    },
    "CLINICAL_SERVICE": {
        "p": [
            0.9237400844555556,
            0.034360984052342475
        ],
        "r": [
            0.9383145535111111,
            0.03790859559344646
        ],
        "f": [
            0.9299716925777778,
            0.018893326777929997
        ]
    },
    "COMORBIDITY": {
        "p": [
            0.9051590219111111,
            0.03167683374619256
        ],
        "r": [
            0.8829189207111111,
            0.027170284428474415
        ],
        "f": [
            0.8936767771555556,
            0.02591293444077556
        ]
    },
    "DATE": {
        "p": [
            0.9774610959222222,
            0.008749607665088244
        ],
        "r": [
            0.9864469418333334,
            0.005238872423700058
        ],
        "f": [
            0.9819132145,
            0.005726284430624965
        ]
    },
    "DOSE": {
        "p": [
            0.9637153869333334,
            0.024510365578732533
        ],
        "r": [
            0.9656892758333333,
            0.029540970065878313
        ],
        "f": [
            0.9645482789666666,
            0.024263912518742305
        ]
    },
    "DRUG": {
        "p": [
            0.9755897703666666,
            0.00856410333078689
        ],
        "r": [
            0.9694807693888888,
            0.01489153650855498
        ],
        "f": [
            0.9724997684555555,
            0.011113508977042656
        ]
    },
    "DURATION": {
        "p": [
            0.9095286717666666,
            0.06052655715346997
        ],
        "r": [
            0.9217782620555556,
            0.05756627036424382
        ],
        "f": [
            0.9138926270666666,
            0.045600554981783455
        ]
    },
    "FAMILY": {
        "p": [
            0.9250891701333334,
            0.05439623691330451
        ],
        "r": [
            0.9219264491888889,
            0.050733462482739806
        ],
        "f": [
            0.9224787346444444,
            0.04327050746851145
        ]
    },
    "FREQ": {
        "p": [
            0.9298934583888889,
            0.03272368126964883
        ],
        "r": [
            0.9084271935444445,
            0.03094337752394582
        ],
        "f": [
            0.9186236628444444,
            0.025754675023807728
        ]
    },
    "GINECOLOGICAL_HISTORY": {
        "p": [
            0.9394921781222222,
            0.01788355807790958
        ],
        "r": [
            0.9338697444444444,
            0.019752095837925004
        ],
        "f": [
            0.9365396214555556,
            0.015114787034944373
        ]
    },
    "GINE_OBSTETRICS": {
        "p": [
            0.9575363790222222,
            0.01944939533545808
        ],
        "r": [
            0.9407456491222222,
            0.012065202480382746
        ],
        "f": [
            0.9488634117555556,
            0.008240345755686499
        ]
    },
    "HABIT-QUANTITY": {
        "p": [
            0.9543271142222223,
            0.04926909192104264
        ],
        "r": [
            0.9644021670444445,
            0.042840684332022635
        ],
        "f": [
            0.9591473911555556,
            0.04438890785705946
        ]
    },
    "IMPLICIT_DATE": {
        "p": [
            0.9299757044,
            0.04085655766395194
        ],
        "r": [
            0.9527914106888888,
            0.023889701189166453
        ],
        "f": [
            0.9409640773222222,
            0.02965517192970036
        ]
    },
    "LINE_CICLE_NUMBER": {
        "p": [
            0.9380925376888889,
            0.027680501735723045
        ],
        "r": [
            0.9450465871888889,
            0.0233952299484155
        ],
        "f": [
            0.9414255447,
            0.0231396973320053
        ]
    },
    "OCURRENCE_EVENT": {
        "p": [
            0.9006497921666666,
            0.0303390599481632
        ],
        "r": [
            0.9045563279444444,
            0.011893475168253459
        ],
        "f": [
            0.9024034109222222,
            0.018901531853237185
        ]
    },
    "PROGRESION": {
        "p": [
            0.9272721547777778,
            0.024600296439710304
        ],
        "r": [
            0.9155442892444444,
            0.038470459373856736
        ],
        "f": [
            0.9211035785555556,
            0.027969023777831364
        ]
    },
    "STAGE": {
        "p": [
            0.9301857533222222,
            0.032669803476597675
        ],
        "r": [
            0.9242305967222222,
            0.018978807926172934
        ],
        "f": [
            0.9269577115888888,
            0.022324772586989818
        ]
    },
    "SURGERY": {
        "p": [
            0.9068798336222222,
            0.020870793196131936
        ],
        "r": [
            0.9149691451555556,
            0.026806684794149972
        ],
        "f": [
            0.9107180768222222,
            0.020373435263620465
        ]
    },
    "TNM": {
        "p": [
            0.9570243641222222,
            0.019536323505852306
        ],
        "r": [
            0.9575863223444444,
            0.019335405689213485
        ],
        "f": [
            0.9572202747555556,
            0.0172786827151867
        ]
    },
    "TOXIC_HABITS": {
        "p": [
            0.9551287067666667,
            0.03875142671112605
        ],
        "r": [
            0.9559963060111112,
            0.036453280089216736
        ],
        "f": [
            0.9553959010555555,
            0.035443629847619035
        ]
    },
    "TREATMENT_NAME": {
        "p": [
            0.9378831171444445,
            0.024846824329203477
        ],
        "r": [
            0.9425327839555555,
            0.01784283246032442
        ],
        "f": [
            0.9400320474666667,
            0.017597602454791618
        ]
    }
}