{
    "ents_f": [
        0.9452840391777778,
        0.004828923954863033
    ],
    "ents_p": [
        0.9437157738444445,
        0.006716065699986396
    ],
    "ents_r": [
        0.9468829123222222,
        0.005022249978344561
    ]
}