{
    "AGE": {
        "p": [
            0.9790246387555556,
            0.009461256150045635
        ],
        "r": [
            0.9895547302444444,
            0.01080433079179787
        ],
        "f": [
            0.9842157477888889,
            0.0076210088979969
        ]
    },
    "ALLERGIES": {
        "p": [
            0.8862123309888889,
            0.04971170848930157
        ],
        "r": [
            0.9075754363,
            0.040837721058060536
        ],
        "f": [
            0.8961944500222222,
            0.04000265160438923
        ]
    },
    "BIOMARKER": {
        "p": [
            0.9542910431888889,
            0.01756443842912984
        ],
        "r": [
            0.9497773035444445,
            0.027022584223453824
        ],
        "f": [
            0.9519085703888889,
            0.020275151511049607
        ]
    },
    "CANCER_CONCEPT": {
        "p": [
            0.9165574676222222,
            0.019492830823691853
        ],
        "r": [
            0.9215507797777778,
            0.019959343852704304
        ],
        "f": [
            0.9190374236666666,
            0.019486758883999224
        ]
    },
    "CLINICAL_SERVICE": {
        "p": [
            0.9281314603555556,
            0.0385944245059521
        ],
        "r": [
            0.9260447708444445,
            0.04659000229205518
        ],
        "f": [
            0.9264265217333333,
            0.03527227239870205
        ]
    },
    "COMORBIDITY": {
        "p": [
            0.9121858782777778,
            0.04187220251921536
        ],
        "r": [
            0.9059154467333334,
            0.019998203838823784
        ],
        "f": [
            0.9086738894888888,
            0.02736981129420127
        ]
    },
    "DATE": {
        "p": [
            0.9847809890666667,
            0.006324273786922895
        ],
        "r": [
            0.9894307131666666,
            0.006149763042200934
        ],
        "f": [
            0.9870843251777778,
            0.0048120617933343456
        ]
    },
    "DOSE": {
        "p": [
            0.7578341338777778,
            0.17141085720146776
        ],
        "r": [
            0.9611796228444445,
            0.029916533526110133
        ],
        "f": [
            0.8356410616222222,
            0.10484711311146318
        ]
    },
    "DRUG": {
        "p": [
            0.9782760132444445,
            0.008298255243576247
        ],
        "r": [
            0.9747190888,
            0.011386239573904533
        ],
        "f": [
            0.9764583973333333,
            0.008001241474942408
        ]
    },
    "DURATION": {
        "p": [
            0.9000301771,
            0.05489612556879403
        ],
        "r": [
            0.8980975737111111,
            0.0673478488530008
        ],
        "f": [
            0.8979522101333334,
            0.05271446495130684
        ]
    },
    "FAMILY": {
        "p": [
            0.9691023896222222,
            0.026887703161555428
        ],
        "r": [
            0.9605040606666666,
            0.02593389572927762
        ],
        "f": [
            0.9646151213333333,
            0.02322372784523045
        ]
    },
    "FREQ": {
        "p": [
            0.9375192033666666,
            0.03198940005761084
        ],
        "r": [
            0.9196492687,
            0.03168008903257478
        ],
        "f": [
            0.9281965512777778,
            0.027374465728756608
        ]
    },
    "GINECOLOGICAL_HISTORY": {
        "p": [
            0.9392970795888889,
            0.0219684341871589
        ],
        "r": [
            0.9302808708666667,
            0.032156268286914674
        ],
        "f": [
            0.9343962517222222,
            0.020634065646237737
        ]
    },
    "GINE_OBSTETRICS": {
        "p": [
            0.9390789200777777,
            0.039713366858928754
        ],
        "r": [
            0.9343048971333333,
            0.01956330328385708
        ],
        "f": [
            0.9361895895666666,
            0.023628142415448552
        ]
    },
    "HABIT-QUANTITY": {
        "p": [
            0.9468636870111111,
            0.055949103493017203
        ],
        "r": [
            0.9693121693222222,
            0.0377705149083942
        ],
        "f": [
            0.9573180442888889,
            0.042242904367435954
        ]
    },
    "IMPLICIT_DATE": {
        "p": [
            0.9233961980333333,
            0.03653692063699741
        ],
        "r": [
            0.9531254351555556,
            0.015973668617333018
        ],
        "f": [
            0.9377929442777778,
            0.024709739229826014
        ]
    },
    "LINE_CICLE_NUMBER": {
        "p": [
            0.9262319669111111,
            0.040765757153691795
        ],
        "r": [
            0.8017083865,
            0.06218134112376838
        ],
        "f": [
            0.8567795762222222,
            0.024026818310346452
        ]
    },
    "OCURRENCE_EVENT": {
        "p": [
            0.9155919849999999,
            0.017912001489512858
        ],
        "r": [
            0.9146631981888889,
            0.019529778577621296
        ],
        "f": [
            0.9150330815777779,
            0.016292268730002953
        ]
    },
    "PROGRESION": {
        "p": [
            0.9343825740555556,
            0.03180836274336763
        ],
        "r": [
            0.9355165124666667,
            0.03471594699083367
        ],
        "f": [
            0.9345219182444444,
            0.026711250337518845
        ]
    },
    "STAGE": {
        "p": [
            0.928688685,
            0.0423654216259028
        ],
        "r": [
            0.939642565888889,
            0.03194936044134064
        ],
        "f": [
            0.9339906616888889,
            0.035854681582261516
        ]
    },
    "SURGERY": {
        "p": [
            0.9206038444333333,
            0.024401334506574772
        ],
        "r": [
            0.9174591294666666,
            0.03522821700799292
        ],
        "f": [
            0.9188445718222222,
            0.027490964915606847
        ]
    },
    "TNM": {
        "p": [
            0.9482284440666666,
            0.029724809650008246
        ],
        "r": [
            0.9561132778666667,
            0.029448370216471866
        ],
        "f": [
            0.9520628664222222,
            0.028038880500618726
        ]
    },
    "TOXIC_HABITS": {
        "p": [
            0.9356263670666667,
            0.05477946175176135
        ],
        "r": [
            0.9374470065,
            0.040825558535564695
        ],
        "f": [
            0.9357158215222222,
            0.04071744739095602
        ]
    },
    "TREATMENT_NAME": {
        "p": [
            0.8985974494,
            0.08426398701023609
        ],
        "r": [
            0.9438088353,
            0.017380134632408784
        ],
        "f": [
            0.9182825528555556,
            0.04676430058938807
        ]
    }
}