{
    "ents_f": [
        0.9354488104333334,
        0.008054228794603156
    ],
    "ents_p": [
        0.9316647548333333,
        0.008093191746740764
    ],
    "ents_r": [
        0.9392815201888889,
        0.009008598456871995
    ]
}