{
    "ents_f": [
        0.9396463327,
        0.005246574741276516
    ],
    "ents_p": [
        0.9394399259111111,
        0.005579908085444163
    ],
    "ents_r": [
        0.9398602638888889,
        0.005558581020440344
    ]
}