{
    "ents_f": [
        0.9491535414333333,
        0.004609894044070865
    ],
    "ents_p": [
        0.9447349861111111,
        0.005732422360493204
    ],
    "ents_r": [
        0.9536244788777778,
        0.0044284527521439914
    ]
}