{
    "AGE": {
        "p": [
            0.9804028818222222,
            0.013415074173216957
        ],
        "r": [
            0.9864859761666667,
            0.013659971016673237
        ],
        "f": [
            0.9833197834444445,
            0.00847362077851813
        ]
    },
    "ALLERGIES": {
        "p": [
            0.9067393531444444,
            0.06362420747233735
        ],
        "r": [
            0.9404057833111111,
            0.034110496741208175
        ],
        "f": [
            0.9223662713222223,
            0.044426640753992316
        ]
    },
    "BIOMARKER": {
        "p": [
            0.9645106942222222,
            0.014629079170539433
        ],
        "r": [
            0.9668668133777778,
            0.01747699515051495
        ],
        "f": [
            0.9656738896222222,
            0.01571894686274665
        ]
    },
    "CANCER_CONCEPT": {
        "p": [
            0.9208520147777778,
            0.02165708819581558
        ],
        "r": [
            0.9287115816333333,
            0.017800756985487866
        ],
        "f": [
            0.9247391830666667,
            0.01925613390550038
        ]
    },
    "CLINICAL_SERVICE": {
        "p": [
            0.9193805851777778,
            0.03977272606066338
        ],
        "r": [
            0.9395691810333333,
            0.03889560807761906
        ],
        "f": [
            0.9285621179666667,
            0.029388322098156557
        ]
    },
    "COMORBIDITY": {
        "p": [
            0.9026002746777778,
            0.029432827163648624
        ],
        "r": [
            0.9109974328333333,
            0.01775946522807768
        ],
        "f": [
            0.9065035597333333,
            0.01830524107943313
        ]
    },
    "DATE": {
        "p": [
            0.9887334879222223,
            0.004308437600547519
        ],
        "r": [
            0.9903879985666667,
            0.007053933554562708
        ],
        "f": [
            0.9895454094777778,
            0.0044329948996785
        ]
    },
    "DOSE": {
        "p": [
            0.9478514796666667,
            0.033097658169501595
        ],
        "r": [
            0.9767403101333333,
            0.017969175838630315
        ],
        "f": [
            0.9616350436555555,
            0.01753002629823399
        ]
    },
    "DRUG": {
        "p": [
            0.9770329501888889,
            0.011267640775349199
        ],
        "r": [
            0.9801615463,
            0.007276302529205221
        ],
        "f": [
            0.9785565609222222,
            0.007264966073642188
        ]
    },
    "DURATION": {
        "p": [
            0.8856932639222223,
            0.050501572206849726
        ],
        "r": [
            0.906345374,
            0.07659465888871715
        ],
        "f": [
            0.8946807104222222,
            0.056223014295983684
        ]
    },
    "FAMILY": {
        "p": [
            0.9626929198999999,
            0.040694278720143195
        ],
        "r": [
            0.9616956064666666,
            0.03155573928907296
        ],
        "f": [
            0.9620237125666666,
            0.03423825163821898
        ]
    },
    "FREQ": {
        "p": [
            0.9502045020888888,
            0.030750663082466847
        ],
        "r": [
            0.9334054858777777,
            0.032550055156462525
        ],
        "f": [
            0.9414746520444445,
            0.027829912600801743
        ]
    },
    "GINECOLOGICAL_HISTORY": {
        "p": [
            0.9356346243333333,
            0.02060727542759067
        ],
        "r": [
            0.9463346185777778,
            0.018994388892381173
        ],
        "f": [
            0.9408562988666667,
            0.017362859861902336
        ]
    },
    "GINE_OBSTETRICS": {
        "p": [
            0.9291778960333333,
            0.025404599505220907
        ],
        "r": [
            0.9374820296999999,
            0.011021585762531991
        ],
        "f": [
            0.9330868175,
            0.013538439025032553
        ]
    },
    "HABIT-QUANTITY": {
        "p": [
            0.9583918914777778,
            0.04954017506418266
        ],
        "r": [
            0.9849206349222223,
            0.03202260476378988
        ],
        "f": [
            0.970840466,
            0.035089125059350613
        ]
    },
    "IMPLICIT_DATE": {
        "p": [
            0.9260440269111111,
            0.039781254620250034
        ],
        "r": [
            0.9501603637111111,
            0.01813638709550166
        ],
        "f": [
            0.9376692107888889,
            0.027004706259888663
        ]
    },
    "LINE_CICLE_NUMBER": {
        "p": [
            0.9478404335444445,
            0.02344626029370078
        ],
        "r": [
            0.9572627981333334,
            0.02014416933367976
        ],
        "f": [
            0.9523475765666667,
            0.017558893360585196
        ]
    },
    "OCURRENCE_EVENT": {
        "p": [
            0.9139569158333334,
            0.020978708399807144
        ],
        "r": [
            0.9297286833222222,
            0.018781252993803423
        ],
        "f": [
            0.9215402284444444,
            0.013638106757309735
        ]
    },
    "PROGRESION": {
        "p": [
            0.9176609855444444,
            0.04140209316719253
        ],
        "r": [
            0.9377304093111112,
            0.02985453318275133
        ],
        "f": [
            0.9269929752222222,
            0.027838583083603794
        ]
    },
    "STAGE": {
        "p": [
            0.9372667746222222,
            0.040306233013096326
        ],
        "r": [
            0.9479536703111111,
            0.035308213702843996
        ],
        "f": [
            0.9421327096777777,
            0.032194236317736824
        ]
    },
    "SURGERY": {
        "p": [
            0.9126313506666667,
            0.023329749354415327
        ],
        "r": [
            0.9318508399888888,
            0.023971693891238686
        ],
        "f": [
            0.9218672832666667,
            0.017979296045265266
        ]
    },
    "TNM": {
        "p": [
            0.9583551742555556,
            0.01755324102110093
        ],
        "r": [
            0.9552795264777778,
            0.020712505417057096
        ],
        "f": [
            0.9567450779555555,
            0.017342856559570134
        ]
    },
    "TOXIC_HABITS": {
        "p": [
            0.9408941881,
            0.03722862233932778
        ],
        "r": [
            0.9521197203222223,
            0.024735376831355634
        ],
        "f": [
            0.9462622773111111,
            0.028320380636467704
        ]
    },
    "TREATMENT_NAME": {
        "p": [
            0.9427370443222222,
            0.02219058271545122
        ],
        "r": [
            0.9495654376444445,
            0.017552828452954687
        ],
        "f": [
            0.9459887034555555,
            0.016223061268073425
        ]
    }
}