{
    "AGE": {
        "p": [
            0.9777111359777778,
            0.018321901130302187
        ],
        "r": [
            0.9880109588555556,
            0.01378704041489525
        ],
        "f": [
            0.9826984865444445,
            0.011640225919580496
        ]
    },
    "ALLERGIES": {
        "p": [
            0.8879266667444444,
            0.04645520881267462
        ],
        "r": [
            0.8934332776666667,
            0.04142254939051057
        ],
        "f": [
            0.8898739099888889,
            0.03538192541555762
        ]
    },
    "BIOMARKER": {
        "p": [
            0.9547677007444444,
            0.014751102046037592
        ],
        "r": [
            0.9570410663,
            0.024742985854393513
        ],
        "f": [
            0.9557649989444444,
            0.016874183787759876
        ]
    },
    "CANCER_CONCEPT": {
        "p": [
            0.9263423475222222,
            0.020425028506266103
        ],
        "r": [
            0.9240253255555556,
            0.017825217990177878
        ],
        "f": [
            0.9251446372444444,
            0.01824311740865416
        ]
    },
    "CLINICAL_SERVICE": {
        "p": [
            0.9438180247333333,
            0.030640560864493467
        ],
        "r": [
            0.9128567463555556,
            0.04329158722582166
        ],
        "f": [
            0.9272898703111111,
            0.02639639432050995
        ]
    },
    "COMORBIDITY": {
        "p": [
            0.9114026922777778,
            0.025167008023177506
        ],
        "r": [
            0.9010522191,
            0.021658725055683118
        ],
        "f": [
            0.9059501007111112,
            0.018145332033587765
        ]
    },
    "DATE": {
        "p": [
            0.9885028527777778,
            0.007011248019472076
        ],
        "r": [
            0.9898045267666666,
            0.0051283142824903255
        ],
        "f": [
            0.9891303565555556,
            0.003924047371470394
        ]
    },
    "DOSE": {
        "p": [
            0.9520210908888889,
            0.026666482094592717
        ],
        "r": [
            0.9720876171444445,
            0.018384612094517677
        ],
        "f": [
            0.9616453754,
            0.01564149362651992
        ]
    },
    "DRUG": {
        "p": [
            0.9784318671777777,
            0.006873175983346878
        ],
        "r": [
            0.9686967523555555,
            0.00947829260763072
        ],
        "f": [
            0.973513979,
            0.006592848851719455
        ]
    },
    "DURATION": {
        "p": [
            0.9009103884666667,
            0.04401759101199318
        ],
        "r": [
            0.9019877162222222,
            0.068965170975572
        ],
        "f": [
            0.8998567256888889,
            0.04395328979057725
        ]
    },
    "FAMILY": {
        "p": [
            0.9663373935555556,
            0.03985705329217756
        ],
        "r": [
            0.9574217354444444,
            0.03574547051873865
        ],
        "f": [
            0.9615327413222222,
            0.03359209069807525
        ]
    },
    "FREQ": {
        "p": [
            0.933716126811111,
            0.040355459633934276
        ],
        "r": [
            0.9194451301555555,
            0.030304677494759395
        ],
        "f": [
            0.9262738635111111,
            0.032384191327261544
        ]
    },
    "GINECOLOGICAL_HISTORY": {
        "p": [
            0.9393675112222222,
            0.023126065509704526
        ],
        "r": [
            0.9290923557222223,
            0.024676798328645767
        ],
        "f": [
            0.9339707566333333,
            0.018941940980895314
        ]
    },
    "GINE_OBSTETRICS": {
        "p": [
            0.9369303968111111,
            0.03493710141976652
        ],
        "r": [
            0.9358804531666667,
            0.026404971486428
        ],
        "f": [
            0.9361319047222222,
            0.02659648056169933
        ]
    },
    "HABIT-QUANTITY": {
        "p": [
            0.9490196078444444,
            0.05928434696168832
        ],
        "r": [
            0.9775853775888889,
            0.03574380564379645
        ],
        "f": [
            0.9626657174666666,
            0.045869483544810935
        ]
    },
    "IMPLICIT_DATE": {
        "p": [
            0.9367357209222222,
            0.042671603409506306
        ],
        "r": [
            0.9424260792,
            0.02376488318385021
        ],
        "f": [
            0.9389865067444444,
            0.02591391264400776
        ]
    },
    "LINE_CICLE_NUMBER": {
        "p": [
            0.9474588485555555,
            0.029003716148278142
        ],
        "r": [
            0.9461567486333333,
            0.0232075188678765
        ],
        "f": [
            0.9466005431666666,
            0.022236061653423903
        ]
    },
    "OCURRENCE_EVENT": {
        "p": [
            0.9229089253666667,
            0.020882686034567895
        ],
        "r": [
            0.9137679001666666,
            0.018546316443745842
        ],
        "f": [
            0.9181121047777777,
            0.014206500855115364
        ]
    },
    "PROGRESION": {
        "p": [
            0.9220371929222222,
            0.0277362021919701
        ],
        "r": [
            0.9199363297777777,
            0.02335996849197656
        ],
        "f": [
            0.9206635575222222,
            0.018956188058694833
        ]
    },
    "STAGE": {
        "p": [
            0.930263444,
            0.044916310394250696
        ],
        "r": [
            0.9520494126777778,
            0.04161776934850169
        ],
        "f": [
            0.9409626444555556,
            0.042588975698818574
        ]
    },
    "SURGERY": {
        "p": [
            0.9226024099,
            0.028761129381865324
        ],
        "r": [
            0.9230079613666667,
            0.02697036253091726
        ],
        "f": [
            0.9226782875111111,
            0.02561302738450784
        ]
    },
    "TNM": {
        "p": [
            0.9521387730777777,
            0.02241554720617394
        ],
        "r": [
            0.9538328335666667,
            0.02699416458695966
        ],
        "f": [
            0.9528181266777778,
            0.02143019449108097
        ]
    },
    "TOXIC_HABITS": {
        "p": [
            0.9505637513333334,
            0.038887235862068124
        ],
        "r": [
            0.9509388783666667,
            0.031333491608163226
        ],
        "f": [
            0.9505277191555556,
            0.03206092167755191
        ]
    },
    "TREATMENT_NAME": {
        "p": [
            0.9395435277666667,
            0.02461859266605188
        ],
        "r": [
            0.9379691798888888,
            0.025283130376256645
        ],
        "f": [
            0.9386632444444445,
            0.023195652321648802
        ]
    }
}