{
    "ents_f": [
        0.9456912460111111,
        0.004367835851930852
    ],
    "ents_p": [
        0.9466076354444444,
        0.0036772543757266516
    ],
    "ents_r": [
        0.9447858704555555,
        0.005771789548948326
    ]
}